{"cameraMode":{"drawMode":0,"name":"Shaded","section":"Shading Mode"},"sceneLighting":true,"audioPlay":false,"sceneViewState":{"showFog":true,"showMaterialUpdate":true,"showSkybox":true,"showFlares":true,"showImageEffects":true,"showParticleSystems":true,"showVisualEffectGraphs":true,"m_FxEnabled":true},"in2DMode":false,"pivot":{"x":707.05712890625,"y":167.7213897705078,"z":387.1268005371094},"rotation":{"x":-0.030316632241010667,"y":0.008511621505022049,"z":0.00032570582698099315,"w":-0.9996915459632874},"size":404.1116943359375,"orthographic":false}